{"cameraMode":{"drawMode":0,"name":"Shaded","section":"Shading Mode"},"sceneLighting":true,"audioPlay":false,"sceneViewState":{"showFog":true,"showMaterialUpdate":false,"showSkybox":true,"showFlares":true,"showImageEffects":true,"showParticleSystems":true},"in2DMode":false,"pivot":{"x":-31.477481842041017,"y":33.15125274658203,"z":-103.90335083007813},"rotation":{"x":0.06397494673728943,"y":0.15534789860248567,"z":-0.010082175955176354,"w":0.9857340455055237},"size":67.37847137451172,"orthographic":false}