{"cameraMode":{"drawMode":0,"name":"Shaded","section":"Shading Mode"},"sceneLighting":false,"audioPlay":false,"sceneViewState":{"showFog":true,"showMaterialUpdate":false,"showSkybox":false,"showFlares":true,"showImageEffects":true,"showParticleSystems":true},"in2DMode":false,"pivot":{"x":-0.11038219928741455,"y":1.87824547290802,"z":0.3600754737854004},"rotation":{"x":0.09364258497953415,"y":0.1461191475391388,"z":-0.0138951875269413,"w":0.9847270250320435},"size":3.3200271129608156,"orthographic":false}